control,scenario,exit_type,requested_face_usd,executed_face_usd,fair_value_per_face,consumer_mark_per_face,nav_gap_bps,nav_evaluation_day,market_value_gap_usd,acquisition_usd,payout_usd,pfc_usd,execution_fees_usd,asset_financing_usd,expected_enforcement_usd,application_fixed_usd,route_cost_usd,coc_usd,net_profit_usd,cost_profit_ratio,profitable_under_assumptions,model_verdict,blocked_reason,evidence_verdict,stake_capital_usd,stake_funding_usd,expected_stake_loss_usd,consensus_coordination_usd,consensus_cost_usd,capital_is_not_expense,capital_required_usd,optimistic_nav_capture_bound_usd,bound_below_consensus_cost,capital_profit_ratio,break_even_face_usd,break_even_reachable_with_caps,exit_capacity_face_usd,finality_status,residual_loss_locus,counterparty_loss_before_fees_usd
credit_lending,B-1,lending,190000000,20000000,0.995,1,50.00000000000004,,950000.0000000008,19905970.0,16000000.0,-3905970.0,6400.0,3272.2142465753423,0.0,100,307667538.08219177,307677310.29643834,-311583280.29643834,,False,closed_under_assumptions,,not_empirically_identified,30259340000.0,4974138.082191781,302593400.0,100000,307667538.08219177,True,30279245970.0,100000.00000000009,True,,,False,20000000,consensus_counterfactual_not_simulated,lender_after_collateral_seizure,0
credit_lending,B-2,lending,20000000,20000000,0.41871921182266014,1.0,5812.807881773399,31,11625615.763546797,8376896.551724139,16000000.0,7623103.448275861,6400.0,1377.0240906943789,190577.58620689655,100,10000,208454.61029759093,7414648.837978271,0.02734511104460188,True,open_under_assumptions,,not_empirically_identified,0,0,0,0,0,True,8376896.551724139,11625615.763546797,,,27206.307500497725,True,20000000,assumed_normal_not_simulated,lender_after_collateral_seizure,7625615.763546798
credit_lending,B-3,lending,20000000,20000000,0.41871921182266014,1.0,5812.807881773399,31,11625615.763546797,8376896.551724139,16000000.0,7623103.448275861,6400.0,1377.0240906943789,190577.58620689655,100,307667538.08219177,307865992.6924894,-300242889.2442135,40.38591300530236,False,closed_under_assumptions,,not_empirically_identified,30259340000.0,4974138.082191781,302593400.0,100000,307667538.08219177,True,30267716896.551723,11625615.763546797,True,3969.425340389922,828762412.8332627,False,20000000,consensus_counterfactual_not_simulated,lender_after_collateral_seizure,7625615.763546798
closed_exit,B-1,lending,190000000,0,0.995,1,50.00000000000004,,950000.0000000008,0.0,0.0,0.0,0.0,0.0,0.0,0,0,0.0,0.0,,False,blocked_before_attempt,exit_open,not_empirically_identified,30259340000.0,4974138.082191781,302593400.0,100000,307667538.08219177,True,30259340000.0,0.0,True,,,False,20000000,consensus_counterfactual_not_simulated,lender_after_collateral_seizure,0
closed_exit,B-2,redemption,20000000,0,0.41871921182266014,1.0,5812.807881773399,31,11625615.763546797,0.0,0.0,0.0,0.0,0.0,0.0,0,0,0.0,0.0,,False,blocked_before_attempt,exit_open,not_empirically_identified,0,0,0,0,0,True,0.0,0.0,,,17839.560610780307,False,20000000,assumed_normal_not_simulated,redemption_counterparty_mark_loss,0.0
closed_exit,B-3,redemption,20000000,0,0.41871921182266014,1.0,5812.807881773399,31,11625615.763546797,0.0,0.0,0.0,0.0,0.0,0.0,0,0,0.0,0.0,,False,blocked_before_attempt,exit_open,not_empirically_identified,30259340000.0,4974138.082191781,302593400.0,100000,307667538.08219177,True,30259340000.0,0.0,True,,543431235.4002851,False,20000000,consensus_counterfactual_not_simulated,redemption_counterparty_mark_loss,0.0
nav_fully_updated,B-1,lending,190000000,20000000,0.995,1,50.00000000000004,,950000.0000000008,19905970.0,16000000.0,-3905970.0,6400.0,3272.2142465753423,0.0,100,307667538.08219177,307677310.29643834,-311583280.29643834,,False,closed_under_assumptions,,not_empirically_identified,30259340000.0,4974138.082191781,302593400.0,100000,307667538.08219177,True,30279245970.0,100000.00000000009,True,,,False,20000000,consensus_counterfactual_not_simulated,lender_after_collateral_seizure,0
nav_fully_updated,B-2,redemption,20000000,20000000,0.41871921182266014,0.41871921182266014,0.0,166,0.0,8376896.551724139,8374384.236453203,-2512.3152709361166,3349.753694581281,1377.0240906943789,0.0,100,10000,14826.777785275659,-17339.093056211776,,False,closed_under_assumptions,,not_empirically_identified,0,0,0,0,0,True,8376896.551724139,0.0,,,,False,20000000,assumed_normal_not_simulated,redemption_counterparty_mark_loss,0.0
nav_fully_updated,B-3,redemption,20000000,20000000,0.41871921182266014,0.41871921182266014,0.0,166,0.0,8376896.551724139,8374384.236453203,-2512.3152709361166,3349.753694581281,1377.0240906943789,0.0,100,307667538.08219177,307672364.85997707,-307674877.175248,,False,closed_under_assumptions,,not_empirically_identified,30259340000.0,4974138.082191781,302593400.0,100000,307667538.08219177,True,30267716896.551723,0.0,True,,,False,20000000,consensus_counterfactual_not_simulated,redemption_counterparty_mark_loss,0.0
zero_stake_loss,B-1,lending,190000000,20000000,0.995,1,50.00000000000004,,950000.0000000008,19905970.0,16000000.0,-3905970.0,6400.0,3272.2142465753423,0.0,100,5074138.082191781,5083910.296438357,-8989880.296438357,,False,closed_under_assumptions,,not_empirically_identified,30259340000.0,4974138.082191781,0.0,100000,5074138.082191781,True,30279245970.0,100000.00000000009,True,,,False,20000000,consensus_counterfactual_not_simulated,lender_after_collateral_seizure,0
zero_stake_loss,B-2,redemption,20000000,20000000,0.41871921182266014,1.0,5812.807881773399,31,11625615.763546797,8376896.551724139,20000000.0,11623103.44827586,8000.0,1377.0240906943789,290577.5862068965,100,10000,310054.6102975909,11313048.83797827,0.026675716315988186,True,open_under_assumptions,,not_empirically_identified,0,0,0,0,0,True,8376896.551724139,11625615.763546797,,,17839.560610780307,True,20000000,assumed_normal_not_simulated,redemption_counterparty_mark_loss,11625615.763546797
zero_stake_loss,B-3,redemption,20000000,20000000,0.41871921182266014,1.0,5812.807881773399,31,11625615.763546797,8376896.551724139,20000000.0,11623103.44827586,8000.0,1377.0240906943789,290577.5862068965,100,5074138.082191781,5374192.692489372,6248910.755786489,0.46237157884769275,True,open_under_assumptions,,not_empirically_identified,30259340000.0,4974138.082191781,0.0,100000,5074138.082191781,True,30267716896.551723,11625615.763546797,False,2603.378704720088,8962591.863444546,True,20000000,consensus_counterfactual_not_simulated,redemption_counterparty_mark_loss,11625615.763546797
two_thirds_control,B-1,lending,190000000,20000000,0.995,1,50.00000000000004,,950000.0000000008,19905970.0,16000000.0,-3905970.0,6400.0,3272.2142465753423,0.0,100,615235076.1643835,615244848.3786302,-619150818.3786302,,False,closed_under_assumptions,,not_empirically_identified,60518680000.0,9948276.164383562,605186800.0,100000,615235076.1643835,True,60538585970.0,100000.00000000009,True,,,False,20000000,consensus_counterfactual_not_simulated,lender_after_collateral_seizure,0
two_thirds_control,B-2,redemption,20000000,20000000,0.41871921182266014,1.0,5812.807881773399,31,11625615.763546797,8376896.551724139,20000000.0,11623103.44827586,8000.0,1377.0240906943789,290577.5862068965,100,10000,310054.6102975909,11313048.83797827,0.026675716315988186,True,open_under_assumptions,,not_empirically_identified,0,0,0,0,0,True,8376896.551724139,11625615.763546797,,,17839.560610780307,True,20000000,assumed_normal_not_simulated,redemption_counterparty_mark_loss,11625615.763546797
two_thirds_control,B-3,redemption,20000000,20000000,0.41871921182266014,1.0,5812.807881773399,31,11625615.763546797,8376896.551724139,20000000.0,11623103.44827586,8000.0,1377.0240906943789,290577.5862068965,100,615235076.1643835,615535130.7746811,-603912027.3264053,52.957898337039055,False,closed_under_assumptions,,not_empirically_identified,60518680000.0,9948276.164383562,605186800.0,100000,615235076.1643835,True,60527056896.55173,11625615.763546797,True,5206.757409440176,1086685664.8582792,False,20000000,consensus_counterfactual_not_simulated,redemption_counterparty_mark_loss,11625615.763546797
instant_credit_mark,B-1,lending,190000000,20000000,0.995,1,50.00000000000004,,950000.0000000008,19905970.0,16000000.0,-3905970.0,6400.0,3272.2142465753423,0.0,100,307667538.08219177,307677310.29643834,-311583280.29643834,,False,closed_under_assumptions,,not_empirically_identified,30259340000.0,4974138.082191781,302593400.0,100000,307667538.08219177,True,30279245970.0,100000.00000000009,True,,,False,20000000,consensus_counterfactual_not_simulated,lender_after_collateral_seizure,0
instant_credit_mark,B-2,redemption,20000000,20000000,0.41871921182266014,0.41871921182266014,0.0,31,0.0,8376896.551724139,8374384.236453203,-2512.3152709361166,3349.753694581281,1377.0240906943789,0.0,100,10000,14826.777785275659,-17339.093056211776,,False,closed_under_assumptions,,not_empirically_identified,0,0,0,0,0,True,8376896.551724139,0.0,,,,False,20000000,assumed_normal_not_simulated,redemption_counterparty_mark_loss,0.0
instant_credit_mark,B-3,redemption,20000000,20000000,0.41871921182266014,0.41871921182266014,0.0,31,0.0,8376896.551724139,8374384.236453203,-2512.3152709361166,3349.753694581281,1377.0240906943789,0.0,100,307667538.08219177,307672364.85997707,-307674877.175248,,False,closed_under_assumptions,,not_empirically_identified,30259340000.0,4974138.082191781,302593400.0,100000,307667538.08219177,True,30267716896.551723,0.0,True,,,False,20000000,consensus_counterfactual_not_simulated,redemption_counterparty_mark_loss,0.0
paid_10day_extension,B-1,lending,190000000,20000000,0.995,1,50.00000000000004,,950000.0000000008,19905970.0,16000000.0,-3905970.0,6400.0,3272.2142465753423,0.0,100,307667538.08219177,307677310.29643834,-311583280.29643834,,False,closed_under_assumptions,,not_empirically_identified,30259340000.0,4974138.082191781,302593400.0,100000,307667538.08219177,True,30279245970.0,100000.00000000009,True,,,False,20000000,consensus_counterfactual_not_simulated,lender_after_collateral_seizure,0
paid_10day_extension,B-2,redemption,20000000,20000000,0.41871921182266014,1.0,5812.807881773399,31,11625615.763546797,8376896.551724139,20000000.0,11623103.44827586,8000.0,1377.0240906943789,290577.5862068965,100,110000,410054.6102975909,11213048.83797827,0.03527927047387824,True,open_under_assumptions,,not_empirically_identified,0,0,0,0,0,True,8376896.551724139,11625615.763546797,,,194468.87358880317,True,20000000,assumed_normal_not_simulated,redemption_counterparty_mark_loss,11625615.763546797
paid_10day_extension,B-3,redemption,20000000,20000000,0.41871921182266014,1.0,5812.807881773399,31,11625615.763546797,8376896.551724139,20000000.0,11623103.44827586,8000.0,1377.0240906943789,290577.5862068965,100,307667538.08219177,307967592.6924894,-296344489.2442135,26.496158626048576,False,closed_under_assumptions,,not_empirically_identified,30259340000.0,4974138.082191781,302593400.0,100000,307667538.08219177,True,30267716896.551723,11625615.763546797,True,2603.378704720088,543431235.4002851,False,20000000,consensus_counterfactual_not_simulated,redemption_counterparty_mark_loss,11625615.763546797
ten_percent_credit_exposure,B-1,lending,190000000,20000000,0.995,1,50.00000000000004,,950000.0000000008,19905970.0,16000000.0,-3905970.0,6400.0,3272.2142465753423,0.0,100,307667538.08219177,307677310.29643834,-311583280.29643834,,False,closed_under_assumptions,,not_empirically_identified,30259340000.0,4974138.082191781,302593400.0,100000,307667538.08219177,True,30279245970.0,100000.00000000009,True,,,False,20000000,consensus_counterfactual_not_simulated,lender_after_collateral_seizure,0
ten_percent_credit_exposure,B-2,redemption,20000000,20000000,0.941871921182266,1.0,581.2807881773397,31,1162561.5763546792,18843089.655172415,20000000.0,1156910.344827585,8000.0,3097.4941898913557,28922.758620689623,100,10000,50120.252810580976,1106790.092017004,0.04332250380045692,True,open_under_assumptions,,not_empirically_identified,0,0,0,0,0,True,18843089.655172415,1162561.5763546792,,,180859.3356175322,True,20000000,assumed_normal_not_simulated,redemption_counterparty_mark_loss,1162561.5763546792
ten_percent_credit_exposure,B-3,redemption,20000000,20000000,0.941871921182266,1.0,581.2807881773397,31,1162561.5763546792,18843089.655172415,20000000.0,1156910.344827585,8000.0,3097.4941898913557,28922.758620689623,100,307667538.08219177,307707658.33500236,-306550747.9901748,265.9736423921944,False,closed_under_assumptions,,not_empirically_identified,30259340000.0,4974138.082191781,302593400.0,100000,307667538.08219177,True,30278183089.655174,1162561.5763546792,True,26155.30247031335,5509362833.124807,False,20000000,consensus_counterfactual_not_simulated,redemption_counterparty_mark_loss,1162561.5763546792
