action_day,scenario,mark,fair,pfc_usd,coc_usd,net_profit_usd
0,B-2,1.0,0.41871921182266014,11623103.44827586,310054.6102975909,11313048.83797827
0,B-3,1.0,0.41871921182266014,11623103.44827586,307967592.6924894,-296344489.2442135
1,B-2,1.0,0.41871921182266014,11623103.44827586,310054.6102975909,11313048.83797827
1,B-3,1.0,0.41871921182266014,11623103.44827586,307967592.6924894,-296344489.2442135
2,B-2,1.0,0.41871921182266014,11623103.44827586,310054.6102975909,11313048.83797827
2,B-3,1.0,0.41871921182266014,11623103.44827586,307967592.6924894,-296344489.2442135
3,B-2,1.0,0.41871921182266014,11623103.44827586,310054.6102975909,11313048.83797827
3,B-3,1.0,0.41871921182266014,11623103.44827586,307967592.6924894,-296344489.2442135
4,B-2,1.0,0.41871921182266014,11623103.44827586,310054.6102975909,11313048.83797827
4,B-3,1.0,0.41871921182266014,11623103.44827586,307967592.6924894,-296344489.2442135
5,B-2,1.0,0.41871921182266014,11623103.44827586,310054.6102975909,11313048.83797827
5,B-3,1.0,0.41871921182266014,11623103.44827586,307967592.6924894,-296344489.2442135
6,B-2,1.0,0.41871921182266014,11623103.44827586,310054.6102975909,11313048.83797827
6,B-3,1.0,0.41871921182266014,11623103.44827586,307967592.6924894,-296344489.2442135
7,B-2,1.0,0.41871921182266014,11623103.44827586,310054.6102975909,11313048.83797827
7,B-3,1.0,0.41871921182266014,11623103.44827586,307967592.6924894,-296344489.2442135
8,B-2,1.0,0.41871921182266014,11623103.44827586,310054.6102975909,11313048.83797827
8,B-3,1.0,0.41871921182266014,11623103.44827586,307967592.6924894,-296344489.2442135
9,B-2,1.0,0.41871921182266014,11623103.44827586,310054.6102975909,11313048.83797827
9,B-3,1.0,0.41871921182266014,11623103.44827586,307967592.6924894,-296344489.2442135
10,B-2,1.0,0.41871921182266014,11623103.44827586,310054.6102975909,11313048.83797827
10,B-3,1.0,0.41871921182266014,11623103.44827586,307967592.6924894,-296344489.2442135
11,B-2,1.0,0.41871921182266014,11623103.44827586,310054.6102975909,11313048.83797827
11,B-3,1.0,0.41871921182266014,11623103.44827586,307967592.6924894,-296344489.2442135
12,B-2,1.0,0.41871921182266014,11623103.44827586,310054.6102975909,11313048.83797827
12,B-3,1.0,0.41871921182266014,11623103.44827586,307967592.6924894,-296344489.2442135
13,B-2,1.0,0.41871921182266014,11623103.44827586,310054.6102975909,11313048.83797827
13,B-3,1.0,0.41871921182266014,11623103.44827586,307967592.6924894,-296344489.2442135
14,B-2,1.0,0.41871921182266014,11623103.44827586,310054.6102975909,11313048.83797827
14,B-3,1.0,0.41871921182266014,11623103.44827586,307967592.6924894,-296344489.2442135
15,B-2,1.0,0.41871921182266014,11623103.44827586,310054.6102975909,11313048.83797827
15,B-3,1.0,0.41871921182266014,11623103.44827586,307967592.6924894,-296344489.2442135
16,B-2,1.0,0.41871921182266014,11623103.44827586,310054.6102975909,11313048.83797827
16,B-3,1.0,0.41871921182266014,11623103.44827586,307967592.6924894,-296344489.2442135
17,B-2,1.0,0.41871921182266014,11623103.44827586,310054.6102975909,11313048.83797827
17,B-3,1.0,0.41871921182266014,11623103.44827586,307967592.6924894,-296344489.2442135
18,B-2,1.0,0.41871921182266014,11623103.44827586,310054.6102975909,11313048.83797827
18,B-3,1.0,0.41871921182266014,11623103.44827586,307967592.6924894,-296344489.2442135
19,B-2,1.0,0.41871921182266014,11623103.44827586,310054.6102975909,11313048.83797827
19,B-3,1.0,0.41871921182266014,11623103.44827586,307967592.6924894,-296344489.2442135
20,B-2,1.0,0.41871921182266014,11623103.44827586,310054.6102975909,11313048.83797827
20,B-3,1.0,0.41871921182266014,11623103.44827586,307967592.6924894,-296344489.2442135
21,B-2,1.0,0.41871921182266014,11623103.44827586,310054.6102975909,11313048.83797827
21,B-3,1.0,0.41871921182266014,11623103.44827586,307967592.6924894,-296344489.2442135
22,B-2,1.0,0.41871921182266014,11623103.44827586,310054.6102975909,11313048.83797827
22,B-3,1.0,0.41871921182266014,11623103.44827586,307967592.6924894,-296344489.2442135
23,B-2,1.0,0.41871921182266014,11623103.44827586,310054.6102975909,11313048.83797827
23,B-3,1.0,0.41871921182266014,11623103.44827586,307967592.6924894,-296344489.2442135
24,B-2,1.0,0.41871921182266014,11623103.44827586,310054.6102975909,11313048.83797827
24,B-3,1.0,0.41871921182266014,11623103.44827586,307967592.6924894,-296344489.2442135
25,B-2,1.0,0.41871921182266014,11623103.44827586,310054.6102975909,11313048.83797827
25,B-3,1.0,0.41871921182266014,11623103.44827586,307967592.6924894,-296344489.2442135
26,B-2,1.0,0.41871921182266014,11623103.44827586,310054.6102975909,11313048.83797827
26,B-3,1.0,0.41871921182266014,11623103.44827586,307967592.6924894,-296344489.2442135
27,B-2,1.0,0.41871921182266014,11623103.44827586,310054.6102975909,11313048.83797827
27,B-3,1.0,0.41871921182266014,11623103.44827586,307967592.6924894,-296344489.2442135
28,B-2,1.0,0.41871921182266014,11623103.44827586,310054.6102975909,11313048.83797827
28,B-3,1.0,0.41871921182266014,11623103.44827586,307967592.6924894,-296344489.2442135
29,B-2,1.0,0.41871921182266014,11623103.44827586,310054.6102975909,11313048.83797827
29,B-3,1.0,0.41871921182266014,11623103.44827586,307967592.6924894,-296344489.2442135
30,B-2,1.0,0.41871921182266014,11623103.44827586,310054.6102975909,11313048.83797827
30,B-3,1.0,0.41871921182266014,11623103.44827586,307967592.6924894,-296344489.2442135
31,B-2,1.0,0.41871921182266014,11623103.44827586,310054.6102975909,11313048.83797827
31,B-3,1.0,0.41871921182266014,11623103.44827586,307967592.6924894,-296344489.2442135
32,B-2,1.0,0.41871921182266014,11623103.44827586,310054.6102975909,11313048.83797827
32,B-3,1.0,0.41871921182266014,11623103.44827586,307967592.6924894,-296344489.2442135
33,B-2,1.0,0.41871921182266014,11623103.44827586,310054.6102975909,11313048.83797827
33,B-3,1.0,0.41871921182266014,11623103.44827586,307967592.6924894,-296344489.2442135
34,B-2,1.0,0.41871921182266014,11623103.44827586,310054.6102975909,11313048.83797827
34,B-3,1.0,0.41871921182266014,11623103.44827586,307967592.6924894,-296344489.2442135
35,B-2,1.0,0.41871921182266014,11623103.44827586,310054.6102975909,11313048.83797827
35,B-3,1.0,0.41871921182266014,11623103.44827586,307967592.6924894,-296344489.2442135
36,B-2,1.0,0.41871921182266014,11623103.44827586,310054.6102975909,11313048.83797827
36,B-3,1.0,0.41871921182266014,11623103.44827586,307967592.6924894,-296344489.2442135
37,B-2,1.0,0.41871921182266014,11623103.44827586,310054.6102975909,11313048.83797827
37,B-3,1.0,0.41871921182266014,11623103.44827586,307967592.6924894,-296344489.2442135
38,B-2,1.0,0.41871921182266014,11623103.44827586,310054.6102975909,11313048.83797827
38,B-3,1.0,0.41871921182266014,11623103.44827586,307967592.6924894,-296344489.2442135
39,B-2,1.0,0.41871921182266014,11623103.44827586,310054.6102975909,11313048.83797827
39,B-3,1.0,0.41871921182266014,11623103.44827586,307967592.6924894,-296344489.2442135
40,B-2,1.0,0.41871921182266014,11623103.44827586,310054.6102975909,11313048.83797827
40,B-3,1.0,0.41871921182266014,11623103.44827586,307967592.6924894,-296344489.2442135
41,B-2,1.0,0.41871921182266014,11623103.44827586,310054.6102975909,11313048.83797827
41,B-3,1.0,0.41871921182266014,11623103.44827586,307967592.6924894,-296344489.2442135
42,B-2,1.0,0.41871921182266014,11623103.44827586,310054.6102975909,11313048.83797827
42,B-3,1.0,0.41871921182266014,11623103.44827586,307967592.6924894,-296344489.2442135
43,B-2,1.0,0.41871921182266014,11623103.44827586,310054.6102975909,11313048.83797827
43,B-3,1.0,0.41871921182266014,11623103.44827586,307967592.6924894,-296344489.2442135
44,B-2,1.0,0.41871921182266014,11623103.44827586,310054.6102975909,11313048.83797827
44,B-3,1.0,0.41871921182266014,11623103.44827586,307967592.6924894,-296344489.2442135
45,B-2,0.9951559934318555,0.41871921182266014,11526223.316912968,307593.85496097343,11218629.461951993
45,B-3,0.9951559934318555,0.41871921182266014,11526223.316912968,307965131.93715274,-296438908.6202398
46,B-2,0.990311986863711,0.41871921182266014,11429343.185550082,305133.09962435614,11124210.085925726
46,B-3,0.990311986863711,0.41871921182266014,11429343.185550082,307962671.1818161,-296533327.996266
47,B-2,0.9854679802955665,0.41871921182266014,11332463.05418719,302672.34428773867,11029790.709899452
47,B-3,0.9854679802955665,0.41871921182266014,11332463.05418719,307960210.4264795,-296627747.37229234
48,B-2,0.980623973727422,0.41871921182266014,11235582.9228243,300211.5889511213,10935371.333873179
48,B-3,0.980623973727422,0.41871921182266014,11235582.9228243,307957749.6711429,-296722166.74831855
49,B-2,0.9757799671592775,0.41871921182266014,11138702.791461412,297750.8336145039,10840951.957846908
49,B-3,0.9757799671592775,0.41871921182266014,11138702.791461412,307955288.9158063,-296816586.1243449
50,B-2,0.970935960591133,0.41871921182266014,11041822.66009852,295290.07827788644,10746532.581820633
50,B-3,0.970935960591133,0.41871921182266014,11041822.66009852,307952828.16046965,-296911005.50037116
51,B-2,0.9660919540229885,0.41871921182266014,10944942.52873563,292829.322941269,10652113.20579436
51,B-3,0.9660919540229885,0.41871921182266014,10944942.52873563,307950367.405133,-297005424.8763974
52,B-2,0.961247947454844,0.41871921182266014,10848062.397372741,290368.5676046517,10557693.82976809
52,B-3,0.961247947454844,0.41871921182266014,10848062.397372741,307947906.6497964,-297099844.2524237
53,B-2,0.9564039408866996,0.41871921182266014,10751182.266009852,287907.8122680343,10463274.453741819
53,B-3,0.9564039408866996,0.41871921182266014,10751182.266009852,307945445.8944598,-297194263.6284499
54,B-2,0.951559934318555,0.41871921182266014,10654302.13464696,285447.0569314168,10368855.077715542
54,B-3,0.951559934318555,0.41871921182266014,10654302.13464696,307942985.1391232,-297288683.00447625
55,B-2,0.9467159277504105,0.41871921182266014,10557422.00328407,282986.30159479944,10274435.701689271
55,B-3,0.9467159277504105,0.41871921182266014,10557422.00328407,307940524.38378656,-297383102.38050246
56,B-2,0.941871921182266,0.41871921182266014,10460541.871921182,280525.5462581821,10180016.325663
56,B-3,0.941871921182266,0.41871921182266014,10460541.871921182,307938063.62845,-297477521.7565288
57,B-2,0.9370279146141215,0.41871921182266014,10363661.740558289,278064.79092156456,10085596.949636724
57,B-3,0.9370279146141215,0.41871921182266014,10363661.740558289,307935602.87311333,-297571941.13255507
58,B-2,0.9321839080459771,0.41871921182266014,10266781.6091954,275604.0355849472,9991177.573610453
58,B-3,0.9321839080459771,0.41871921182266014,10266781.6091954,307933142.1177767,-297666360.5085813
59,B-2,0.9273399014778325,0.41871921182266014,10169901.477832511,273143.2802483298,9896758.197584182
59,B-3,0.9273399014778325,0.41871921182266014,10169901.477832511,307930681.3624401,-297760779.8846076
60,B-2,0.922495894909688,0.41871921182266014,10073021.346469618,270682.5249117124,9802338.821557906
60,B-3,0.922495894909688,0.41871921182266014,10073021.346469618,307928220.60710347,-297855199.2606338
61,B-2,0.9176518883415435,0.41871921182266014,9976141.21510673,268221.769575095,9707919.445531635
61,B-3,0.9176518883415435,0.41871921182266014,9976141.21510673,307925759.8517669,-297949618.63666016
62,B-2,0.912807881773399,0.41871921182266014,9879261.08374384,265761.01423847757,9613500.069505364
62,B-3,0.912807881773399,0.41871921182266014,9879261.08374384,307923299.09643024,-298044038.0126864
63,B-2,0.9079638752052546,0.41871921182266014,9782380.952380951,263300.2589018602,9519080.69347909
63,B-3,0.9079638752052546,0.41871921182266014,9782380.952380951,307920838.3410936,-298138457.38871264
64,B-2,0.90311986863711,0.41871921182266014,9685500.821018063,260839.50356524283,9424661.31745282
64,B-3,0.90311986863711,0.41871921182266014,9685500.821018063,307918377.585757,-298232876.764739
65,B-2,0.8982758620689655,0.41871921182266014,9588620.68965517,258378.74822862534,9330241.941426545
65,B-3,0.8982758620689655,0.41871921182266014,9588620.68965517,307915916.8304204,-298327296.1407652
66,B-2,0.893431855500821,0.41871921182266014,9491740.55829228,255917.99289200798,9235822.565400273
66,B-3,0.893431855500821,0.41871921182266014,9491740.55829228,307913456.0750838,-298421715.5167915
67,B-2,0.8885878489326765,0.41871921182266014,9394860.426929392,253457.2375553906,9141403.189374002
67,B-3,0.8885878489326765,0.41871921182266014,9394860.426929392,307910995.31974715,-298516134.89281774
68,B-2,0.8837438423645321,0.41871921182266014,9297980.295566503,250996.48221877322,9046983.813347729
68,B-3,0.8837438423645321,0.41871921182266014,9297980.295566503,307908534.56441057,-298610554.26884407
69,B-2,0.8788998357963875,0.41871921182266014,9201100.16420361,248535.72688215575,8952564.437321454
69,B-3,0.8788998357963875,0.41871921182266014,9201100.16420361,307906073.8090739,-298704973.64487034
70,B-2,0.874055829228243,0.41871921182266014,9104220.032840721,246074.97154553837,8858145.061295183
70,B-3,0.874055829228243,0.41871921182266014,9104220.032840721,307903613.0537373,-298799393.02089655
71,B-2,0.8692118226600986,0.41871921182266014,9007339.901477832,243614.216208921,8763725.68526891
71,B-3,0.8692118226600986,0.41871921182266014,9007339.901477832,307901152.2984007,-298893812.3969229
72,B-2,0.864367816091954,0.41871921182266014,8910459.77011494,241153.46087230352,8669306.309242636
72,B-3,0.864367816091954,0.41871921182266014,8910459.77011494,307898691.54306406,-298988231.7729491
73,B-2,0.8595238095238096,0.41871921182266014,8813579.63875205,238692.70553568614,8574886.933216365
73,B-3,0.8595238095238096,0.41871921182266014,8813579.63875205,307896230.7877275,-299082651.14897543
74,B-2,0.854679802955665,0.41871921182266014,8716699.507389162,236231.95019906876,8480467.557190092
74,B-3,0.854679802955665,0.41871921182266014,8716699.507389162,307893770.03239083,-299177070.52500165
75,B-2,0.8498357963875205,0.41871921182266014,8619819.376026269,233771.1948624513,8386048.181163818
75,B-3,0.8498357963875205,0.41871921182266014,8619819.376026269,307891309.2770542,-299271489.9010279
76,B-2,0.8449917898193761,0.41871921182266014,8522939.24466338,231310.43952583388,8291628.805137546
76,B-3,0.8449917898193761,0.41871921182266014,8522939.24466338,307888848.5217176,-299365909.27705425
77,B-2,0.8401477832512315,0.41871921182266014,8426059.113300491,228849.68418921652,8197209.429111275
77,B-3,0.8401477832512315,0.41871921182266014,8426059.113300491,307886387.76638097,-299460328.65308046
78,B-2,0.8353037766830871,0.41871921182266014,8329178.981937603,226388.92885259914,8102790.053085004
78,B-3,0.8353037766830871,0.41871921182266014,8329178.981937603,307883927.0110444,-299554748.0291068
79,B-2,0.8304597701149425,0.41871921182266014,8232298.850574712,223928.17351598173,8008370.67705873
79,B-3,0.8304597701149425,0.41871921182266014,8232298.850574712,307881466.25570774,-299649167.405133
80,B-2,0.825615763546798,0.41871921182266014,8135418.719211821,221467.4181793643,7913951.3010324575
80,B-3,0.825615763546798,0.41871921182266014,8135418.719211821,307879005.50037116,-299743586.78115934
81,B-2,0.8207717569786536,0.41871921182266014,8038538.5878489325,219006.66284274694,7819531.925006186
81,B-3,0.8207717569786536,0.41871921182266014,8038538.5878489325,307876544.7450345,-299838006.15718555
82,B-2,0.815927750410509,0.41871921182266014,7941658.456486042,216545.9075061295,7725112.548979912
82,B-3,0.815927750410509,0.41871921182266014,7941658.456486042,307874083.9896979,-299932425.5332118
83,B-2,0.8110837438423646,0.41871921182266014,7844778.325123153,214085.15216951215,7630693.17295364
83,B-3,0.8110837438423646,0.41871921182266014,7844778.325123153,307871623.2343613,-300026844.90923816
84,B-2,0.80623973727422,0.41871921182266014,7747898.193760262,211624.3968328947,7536273.796927367
84,B-3,0.80623973727422,0.41871921182266014,7747898.193760262,307869162.47902465,-300121264.2852644
85,B-2,0.8013957307060755,0.41871921182266014,7651018.062397371,209163.64149627727,7441854.420901094
85,B-3,0.8013957307060755,0.41871921182266014,7651018.062397371,307866701.72368807,-300215683.6612907
86,B-2,0.7965517241379311,0.41871921182266014,7554137.931034482,206702.8861596599,7347435.044874822
86,B-3,0.7965517241379311,0.41871921182266014,7554137.931034482,307864240.9683514,-300310103.0373169
87,B-2,0.7917077175697865,0.41871921182266014,7457257.799671591,204242.13082304245,7253015.668848549
87,B-3,0.7917077175697865,0.41871921182266014,7457257.799671591,307861780.2130148,-300404522.4133432
88,B-2,0.7868637110016421,0.41871921182266014,7360377.668308704,201781.37548642512,7158596.292822279
88,B-3,0.7868637110016421,0.41871921182266014,7360377.668308704,307859319.4576782,-300498941.7893695
89,B-2,0.7820197044334976,0.41871921182266014,7263497.5369458115,199320.62014980766,7064176.9167960035
89,B-3,0.7820197044334976,0.41871921182266014,7263497.5369458115,307856858.70234156,-300593361.16539574
90,B-2,0.777175697865353,0.41871921182266014,7166617.405582921,196859.86481319024,6969757.540769731
90,B-3,0.777175697865353,0.41871921182266014,7166617.405582921,307854397.947005,-300687780.54142207
91,B-2,0.7723316912972086,0.41871921182266014,7069737.274220034,194399.1094765729,6875338.164743461
91,B-3,0.7723316912972086,0.41871921182266014,7069737.274220034,307851937.19166833,-300782199.9174483
92,B-2,0.767487684729064,0.41871921182266014,6972857.142857143,191938.35413995548,6780918.788717187
92,B-3,0.767487684729064,0.41871921182266014,6972857.142857143,307849476.43633175,-300876619.2934746
93,B-2,0.7626436781609196,0.41871921182266014,6875977.011494254,189477.5988033381,6686499.412690916
93,B-3,0.7626436781609196,0.41871921182266014,6875977.011494254,307847015.6809951,-300971038.6695008
94,B-2,0.7577996715927751,0.41871921182266014,6779096.880131363,187016.8434667207,6592080.036664642
94,B-3,0.7577996715927751,0.41871921182266014,6779096.880131363,307844554.92565846,-301065458.0455271
95,B-2,0.7529556650246305,0.41871921182266014,6682216.748768472,184556.08813010325,6497660.660638369
95,B-3,0.7529556650246305,0.41871921182266014,6682216.748768472,307842094.1703219,-301159877.42155343
96,B-2,0.748111658456486,0.41871921182266014,6585336.617405581,182095.3327934858,6403241.284612096
96,B-3,0.748111658456486,0.41871921182266014,6585336.617405581,307839633.41498524,-301254296.79757965
97,B-2,0.7432676518883417,0.41871921182266014,6488456.486042694,179634.5774568685,6308821.908585826
97,B-3,0.7432676518883417,0.41871921182266014,6488456.486042694,307837172.65964866,-301348716.173606
98,B-2,0.7384236453201971,0.41871921182266014,6391576.354679803,177173.82212025105,6214402.532559552
98,B-3,0.7384236453201971,0.41871921182266014,6391576.354679803,307834711.904312,-301443135.5496322
99,B-2,0.7335796387520526,0.41871921182266014,6294696.223316913,174713.06678363364,6119983.1565332785
99,B-3,0.7335796387520526,0.41871921182266014,6294696.223316913,307832251.1489754,-301537554.92565846
100,B-2,0.728735632183908,0.41871921182266014,6197816.091954022,172252.3114470162,6025563.780507006
100,B-3,0.728735632183908,0.41871921182266014,6197816.091954022,307829790.3936388,-301631974.3016848
101,B-2,0.7238916256157636,0.41871921182266014,6100935.960591133,169791.55611039881,5931144.404480734
101,B-3,0.7238916256157636,0.41871921182266014,6100935.960591133,307827329.63830215,-301726393.677711
102,B-2,0.719047619047619,0.41871921182266014,6004055.829228242,167330.80077378138,5836725.02845446
102,B-3,0.719047619047619,0.41871921182266014,6004055.829228242,307824868.88296556,-301820813.05373734
103,B-2,0.7142036124794746,0.41871921182266014,5907175.697865353,164870.04543716402,5742305.652428189
103,B-3,0.7142036124794746,0.41871921182266014,5907175.697865353,307822408.1276289,-301915232.42976356
104,B-2,0.7093596059113301,0.41871921182266014,5810295.566502462,162409.29010054658,5647886.276401916
104,B-3,0.7093596059113301,0.41871921182266014,5810295.566502462,307819947.37229234,-302009651.8057899
105,B-2,0.7045155993431855,0.41871921182266014,5713415.435139571,159948.53476392914,5553466.900375642
105,B-3,0.7045155993431855,0.41871921182266014,5713415.435139571,307817486.6169557,-302104071.1818161
106,B-2,0.699671592775041,0.41871921182266014,5616535.3037766805,157487.77942731173,5459047.524349369
106,B-3,0.699671592775041,0.41871921182266014,5616535.3037766805,307815025.86161906,-302198490.5578424
107,B-2,0.6948275862068966,0.41871921182266014,5519655.1724137915,155027.02409069432,5364628.148323097
107,B-3,0.6948275862068966,0.41871921182266014,5519655.1724137915,307812565.1062825,-302292909.9338687
108,B-2,0.6899835796387521,0.41871921182266014,5422775.041050904,152566.26875407703,5270208.772296827
108,B-3,0.6899835796387521,0.41871921182266014,5422775.041050904,307810104.35094583,-302387329.3098949
109,B-2,0.6851395730706076,0.41871921182266014,5325894.909688014,150105.5134174596,5175789.396270554
109,B-3,0.6851395730706076,0.41871921182266014,5325894.909688014,307807643.59560925,-302481748.68592125
110,B-2,0.680295566502463,0.41871921182266014,5229014.778325123,147644.75808084215,5081370.020244281
110,B-3,0.680295566502463,0.41871921182266014,5229014.778325123,307805182.8402726,-302576168.06194746
111,B-2,0.6754515599343185,0.41871921182266014,5132134.646962232,145184.00274422474,4986950.644218007
111,B-3,0.6754515599343185,0.41871921182266014,5132134.646962232,307802722.08493596,-302670587.43797374
112,B-2,0.6706075533661742,0.41871921182266014,5035254.515599345,142723.2474076074,4892531.268191737
112,B-3,0.6706075533661742,0.41871921182266014,5035254.515599345,307800261.3295994,-302765006.814
113,B-2,0.6657635467980296,0.41871921182266014,4938374.384236454,140262.49207098997,4798111.892165464
113,B-3,0.6657635467980296,0.41871921182266014,4938374.384236454,307797800.57426274,-302859426.1900263
114,B-2,0.6609195402298851,0.41871921182266014,4841494.252873563,137801.73673437256,4703692.516139191
114,B-3,0.6609195402298851,0.41871921182266014,4841494.252873563,307795339.81892616,-302953845.5660526
115,B-2,0.6560755336617405,0.41871921182266014,4744614.121510672,135340.98139775512,4609273.140112917
115,B-3,0.6560755336617405,0.41871921182266014,4744614.121510672,307792879.0635895,-303048264.9420788
116,B-2,0.6512315270935961,0.41871921182266014,4647733.990147783,132880.22606113774,4514853.764086646
116,B-3,0.6512315270935961,0.41871921182266014,4647733.990147783,307790418.30825293,-303142684.31810516
117,B-2,0.6463875205254517,0.41871921182266014,4550853.858784894,130419.47072452036,4420434.388060374
117,B-3,0.6463875205254517,0.41871921182266014,4550853.858784894,307787957.5529163,-303237103.6941314
118,B-2,0.6415435139573071,0.41871921182266014,4453973.727422004,127958.71538790294,4326015.0120341005
118,B-3,0.6415435139573071,0.41871921182266014,4453973.727422004,307785496.79757965,-303331523.07015765
119,B-2,0.6366995073891626,0.41871921182266014,4357093.596059113,125497.96005128551,4231595.636007828
119,B-3,0.6366995073891626,0.41871921182266014,4357093.596059113,307783036.04224306,-303425942.446184
120,B-2,0.631855500821018,0.41871921182266014,4260213.464696222,123037.20471466809,4137176.259981554
120,B-3,0.631855500821018,0.41871921182266014,4260213.464696222,307780575.2869064,-303520361.8222102
121,B-2,0.6270114942528735,0.41871921182266014,4163333.333333331,120576.44937805065,4042756.8839552803
121,B-3,0.6270114942528735,0.41871921182266014,4163333.333333331,307778114.53156984,-303614781.1982365
122,B-2,0.6221674876847291,0.41871921182266014,4066453.201970442,118115.69404143326,3948337.507929009
122,B-3,0.6221674876847291,0.41871921182266014,4066453.201970442,307775653.7762332,-303709200.57426274
123,B-2,0.6173234811165846,0.41871921182266014,3969573.0706075532,115654.93870481588,3853918.1319027375
123,B-3,0.6173234811165846,0.41871921182266014,3969573.0706075532,307773193.02089655,-303803619.950289
124,B-2,0.6124794745484401,0.41871921182266014,3872692.9392446624,113194.18336819846,3759498.755876464
124,B-3,0.6124794745484401,0.41871921182266014,3872692.9392446624,307770732.26556,-303898039.3263153
125,B-2,0.6076354679802956,0.41871921182266014,3775812.8078817716,110733.42803158103,3665079.3798501906
125,B-3,0.6076354679802956,0.41871921182266014,3775812.8078817716,307768271.5102233,-303992458.70234156
126,B-2,0.602791461412151,0.41871921182266014,3678932.6765188808,108272.6726949636,3570660.0038239174
126,B-3,0.602791461412151,0.41871921182266014,3678932.6765188808,307765810.75488675,-304086878.0783679
127,B-2,0.5979474548440067,0.41871921182266014,3582052.5451559955,105811.91735834633,3476240.6277976492
127,B-3,0.5979474548440067,0.41871921182266014,3582052.5451559955,307763349.9995501,-304181297.4543941
128,B-2,0.5931034482758621,0.41871921182266014,3485172.4137931047,103351.1620217289,3381821.251771376
128,B-3,0.5931034482758621,0.41871921182266014,3485172.4137931047,307760889.2442135,-304275716.83042043
129,B-2,0.5882594417077176,0.41871921182266014,3388292.282430214,100890.40668511148,3287401.8757451023
129,B-3,0.5882594417077176,0.41871921182266014,3388292.282430214,307758428.4888769,-304370136.20644665
130,B-2,0.5834154351395731,0.41871921182266014,3291412.151067323,98429.65134849405,3192982.499718829
130,B-3,0.5834154351395731,0.41871921182266014,3291412.151067323,307755967.73354024,-304464555.5824729
131,B-2,0.5785714285714286,0.41871921182266014,3194532.019704434,95968.89601187667,3098563.123692557
131,B-3,0.5785714285714286,0.41871921182266014,3194532.019704434,307753506.97820365,-304558974.9584992
132,B-2,0.5737274220032842,0.41871921182266014,3097651.888341545,93508.14067525929,3004143.747666286
132,B-3,0.5737274220032842,0.41871921182266014,3097651.888341545,307751046.222867,-304653394.33452547
133,B-2,0.5688834154351396,0.41871921182266014,3000771.7569786543,91047.38533864185,2909724.3716400126
133,B-3,0.5688834154351396,0.41871921182266014,3000771.7569786543,307748585.4675304,-304747813.7105518
134,B-2,0.5640394088669951,0.41871921182266014,2903891.6256157635,88586.63000202442,2815304.995613739
134,B-3,0.5640394088669951,0.41871921182266014,2903891.6256157635,307746124.7121938,-304842233.086578
135,B-2,0.5591954022988506,0.41871921182266014,2807011.4942528727,86125.874665407,2720885.6195874657
135,B-3,0.5591954022988506,0.41871921182266014,2807011.4942528727,307743663.95685714,-304936652.4626043
136,B-2,0.554351395730706,0.41871921182266014,2710131.362889982,83665.11932878957,2626466.2435611924
136,B-3,0.554351395730706,0.41871921182266014,2710131.362889982,307741203.20152056,-305031071.83863056
137,B-2,0.5495073891625616,0.41871921182266014,2613251.231527093,81204.36399217219,2532046.8675349206
137,B-3,0.5495073891625616,0.41871921182266014,2613251.231527093,307738742.4461839,-305125491.21465683
138,B-2,0.5446633825944172,0.41871921182266014,2516371.100164204,78743.60865555481,2437627.491508649
138,B-3,0.5446633825944172,0.41871921182266014,2516371.100164204,307736281.69084734,-305219910.59068316
139,B-2,0.5398193760262726,0.41871921182266014,2419490.968801313,76282.85331893738,2343208.1154823755
139,B-3,0.5398193760262726,0.41871921182266014,2419490.968801313,307733820.9355107,-305314329.9667094
140,B-2,0.5349753694581281,0.41871921182266014,2322610.8374384223,73822.09798231996,2248788.7394561023
140,B-3,0.5349753694581281,0.41871921182266014,2322610.8374384223,307731360.1801741,-305408749.3427357
141,B-2,0.5301313628899835,0.41871921182266014,2225730.7060755314,71361.34264570253,2154369.363429829
141,B-3,0.5301313628899835,0.41871921182266014,2225730.7060755314,307728899.42483747,-305503168.7187619
142,B-2,0.5252873563218392,0.41871921182266014,2128850.574712646,68900.58730908524,2059949.987403561
142,B-3,0.5252873563218392,0.41871921182266014,2128850.574712646,307726438.6695008,-305597588.0947882
143,B-2,0.5204433497536947,0.41871921182266014,2031970.4433497554,66439.83197246783,1965530.6113772877
143,B-3,0.5204433497536947,0.41871921182266014,2031970.4433497554,307723977.91416425,-305692007.47081447
144,B-2,0.5155993431855501,0.41871921182266014,1935090.3119868645,63979.0766358504,1871111.2353510142
144,B-3,0.5155993431855501,0.41871921182266014,1935090.3119868645,307721517.1588276,-305786426.84684074
145,B-2,0.5107553366174056,0.41871921182266014,1838210.1806239737,61518.321299232965,1776691.8593247407
145,B-3,0.5107553366174056,0.41871921182266014,1838210.1806239737,307719056.403491,-305880846.2228671
146,B-2,0.5059113300492611,0.41871921182266014,1741330.0492610848,59057.56596261559,1682272.483298469
146,B-3,0.5059113300492611,0.41871921182266014,1741330.0492610848,307716595.6481544,-305975265.5988933
147,B-2,0.5010673234811167,0.41871921182266014,1644449.9178981958,56596.81062599821,1587853.1072721975
147,B-3,0.5010673234811167,0.41871921182266014,1644449.9178981958,307714134.89281774,-306069684.97491956
148,B-2,0.49622331691297206,0.41871921182266014,1547569.786535303,54136.05528938074,1493433.7312459224
148,B-3,0.49622331691297206,0.41871921182266014,1547569.786535303,307711674.13748115,-306164104.35094583
149,B-2,0.4913793103448276,0.41871921182266014,1450689.6551724141,51675.29995276335,1399014.3552196508
149,B-3,0.4913793103448276,0.41871921182266014,1450689.6551724141,307709213.3821445,-306258523.7269721
150,B-2,0.4865353037766832,0.41871921182266014,1353809.5238095252,49214.54461614597,1304594.9791933792
150,B-3,0.4865353037766832,0.41871921182266014,1353809.5238095252,307706752.6268079,-306352943.1029984
151,B-2,0.48169129720853865,0.41871921182266014,1256929.3924466344,46753.78927952855,1210175.6031671057
151,B-3,0.48169129720853865,0.41871921182266014,1256929.3924466344,307704291.8714713,-306447362.47902465
152,B-2,0.4768472906403941,0.41871921182266014,1160049.2610837435,44293.03394291112,1115756.2271408325
152,B-3,0.4768472906403941,0.41871921182266014,1160049.2610837435,307701831.1161347,-306541781.855051
153,B-2,0.4720032840722497,0.41871921182266014,1063169.1297208546,41832.278606293745,1021336.8511145608
153,B-3,0.4720032840722497,0.41871921182266014,1063169.1297208546,307699370.36079806,-306636201.2310772
154,B-2,0.46715927750410513,0.41871921182266014,966288.9983579637,39371.52326967631,926917.4750882874
154,B-3,0.46715927750410513,0.41871921182266014,966288.9983579637,307696909.6054614,-306730620.60710347
155,B-2,0.4623152709359606,0.41871921182266014,869408.8669950729,36910.76793305889,832498.099062014
155,B-3,0.4623152709359606,0.41871921182266014,869408.8669950729,307694448.85012484,-306825039.98312974
156,B-2,0.45747126436781615,0.41871921182266014,772528.735632184,34450.012596441506,738078.7230357424
156,B-3,0.45747126436781615,0.41871921182266014,772528.735632184,307691988.0947882,-306919459.359156
157,B-2,0.4526272577996716,0.41871921182266014,675648.6042692931,31989.25725982408,643659.347009469
157,B-3,0.4526272577996716,0.41871921182266014,675648.6042692931,307689527.3394516,-307013878.73518234
158,B-2,0.4477832512315272,0.41871921182266014,578768.4729064042,29528.5019232067,549239.9709831974
158,B-3,0.4477832512315272,0.41871921182266014,578768.4729064042,307687066.58411497,-307108298.11120856
159,B-2,0.44293924466338264,0.41871921182266014,481888.34154351335,27067.746586589274,454820.5949569241
159,B-3,0.44293924466338264,0.41871921182266014,481888.34154351335,307684605.8287783,-307202717.48723483
160,B-2,0.4380952380952381,0.41871921182266014,385008.2101806225,24606.99124997185,360401.2189306507
160,B-3,0.4380952380952381,0.41871921182266014,385008.2101806225,307682145.07344174,-307297136.8632611
161,B-2,0.43325123152709366,0.41871921182266014,288128.0788177354,22146.235913354514,265981.84290438093
161,B-3,0.43325123152709366,0.41871921182266014,288128.0788177354,307679684.3181051,-307391556.2392874
162,B-2,0.4284072249589491,0.41871921182266014,191247.9474548446,19685.480576737085,171562.46687810752
162,B-3,0.4284072249589491,0.41871921182266014,191247.9474548446,307677223.5627685,-307485975.61531365
163,B-2,0.4235632183908046,0.41871921182266014,94367.81609195191,17224.725240119613,77143.0908518323
163,B-3,0.4235632183908046,0.41871921182266014,94367.81609195191,307674762.8074319,-307580394.9913399
164,B-2,0.41871921182266014,0.41871921182266014,-2512.3152709361166,14826.777785275659,-17339.093056211776
164,B-3,0.41871921182266014,0.41871921182266014,-2512.3152709361166,307672364.85997707,-307674877.175248
165,B-2,0.41871921182266014,0.41871921182266014,-2512.3152709361166,14826.777785275659,-17339.093056211776
165,B-3,0.41871921182266014,0.41871921182266014,-2512.3152709361166,307672364.85997707,-307674877.175248
166,B-2,0.41871921182266014,0.41871921182266014,-2512.3152709361166,14826.777785275659,-17339.093056211776
166,B-3,0.41871921182266014,0.41871921182266014,-2512.3152709361166,307672364.85997707,-307674877.175248
167,B-2,0.41871921182266014,0.41871921182266014,-2512.3152709361166,14826.777785275659,-17339.093056211776
167,B-3,0.41871921182266014,0.41871921182266014,-2512.3152709361166,307672364.85997707,-307674877.175248
168,B-2,0.41871921182266014,0.41871921182266014,-2512.3152709361166,14826.777785275659,-17339.093056211776
168,B-3,0.41871921182266014,0.41871921182266014,-2512.3152709361166,307672364.85997707,-307674877.175248
169,B-2,0.41871921182266014,0.41871921182266014,-2512.3152709361166,14826.777785275659,-17339.093056211776
169,B-3,0.41871921182266014,0.41871921182266014,-2512.3152709361166,307672364.85997707,-307674877.175248
170,B-2,0.41871921182266014,0.41871921182266014,-2512.3152709361166,14826.777785275659,-17339.093056211776
170,B-3,0.41871921182266014,0.41871921182266014,-2512.3152709361166,307672364.85997707,-307674877.175248
171,B-2,0.41871921182266014,0.41871921182266014,-2512.3152709361166,14826.777785275659,-17339.093056211776
171,B-3,0.41871921182266014,0.41871921182266014,-2512.3152709361166,307672364.85997707,-307674877.175248
172,B-2,0.41871921182266014,0.41871921182266014,-2512.3152709361166,14826.777785275659,-17339.093056211776
172,B-3,0.41871921182266014,0.41871921182266014,-2512.3152709361166,307672364.85997707,-307674877.175248
173,B-2,0.41871921182266014,0.41871921182266014,-2512.3152709361166,14826.777785275659,-17339.093056211776
173,B-3,0.41871921182266014,0.41871921182266014,-2512.3152709361166,307672364.85997707,-307674877.175248
174,B-2,0.41871921182266014,0.41871921182266014,-2512.3152709361166,14826.777785275659,-17339.093056211776
174,B-3,0.41871921182266014,0.41871921182266014,-2512.3152709361166,307672364.85997707,-307674877.175248
175,B-2,0.41871921182266014,0.41871921182266014,-2512.3152709361166,14826.777785275659,-17339.093056211776
175,B-3,0.41871921182266014,0.41871921182266014,-2512.3152709361166,307672364.85997707,-307674877.175248
176,B-2,0.41871921182266014,0.41871921182266014,-2512.3152709361166,14826.777785275659,-17339.093056211776
176,B-3,0.41871921182266014,0.41871921182266014,-2512.3152709361166,307672364.85997707,-307674877.175248
177,B-2,0.41871921182266014,0.41871921182266014,-2512.3152709361166,14826.777785275659,-17339.093056211776
177,B-3,0.41871921182266014,0.41871921182266014,-2512.3152709361166,307672364.85997707,-307674877.175248
178,B-2,0.41871921182266014,0.41871921182266014,-2512.3152709361166,14826.777785275659,-17339.093056211776
178,B-3,0.41871921182266014,0.41871921182266014,-2512.3152709361166,307672364.85997707,-307674877.175248
179,B-2,0.41871921182266014,0.41871921182266014,-2512.3152709361166,14826.777785275659,-17339.093056211776
179,B-3,0.41871921182266014,0.41871921182266014,-2512.3152709361166,307672364.85997707,-307674877.175248
180,B-2,0.41871921182266014,0.41871921182266014,-2512.3152709361166,14826.777785275659,-17339.093056211776
180,B-3,0.41871921182266014,0.41871921182266014,-2512.3152709361166,307672364.85997707,-307674877.175248
181,B-2,0.41871921182266014,0.41871921182266014,-2512.3152709361166,14826.777785275659,-17339.093056211776
181,B-3,0.41871921182266014,0.41871921182266014,-2512.3152709361166,307672364.85997707,-307674877.175248
182,B-2,0.41871921182266014,0.41871921182266014,-2512.3152709361166,14826.777785275659,-17339.093056211776
182,B-3,0.41871921182266014,0.41871921182266014,-2512.3152709361166,307672364.85997707,-307674877.175248
183,B-2,0.41871921182266014,0.41871921182266014,-2512.3152709361166,14826.777785275659,-17339.093056211776
183,B-3,0.41871921182266014,0.41871921182266014,-2512.3152709361166,307672364.85997707,-307674877.175248
184,B-2,0.41871921182266014,0.41871921182266014,-2512.3152709361166,14826.777785275659,-17339.093056211776
184,B-3,0.41871921182266014,0.41871921182266014,-2512.3152709361166,307672364.85997707,-307674877.175248
185,B-2,0.41871921182266014,0.41871921182266014,-2512.3152709361166,14826.777785275659,-17339.093056211776
185,B-3,0.41871921182266014,0.41871921182266014,-2512.3152709361166,307672364.85997707,-307674877.175248
186,B-2,0.41871921182266014,0.41871921182266014,-2512.3152709361166,14826.777785275659,-17339.093056211776
186,B-3,0.41871921182266014,0.41871921182266014,-2512.3152709361166,307672364.85997707,-307674877.175248
187,B-2,0.41871921182266014,0.41871921182266014,-2512.3152709361166,14826.777785275659,-17339.093056211776
187,B-3,0.41871921182266014,0.41871921182266014,-2512.3152709361166,307672364.85997707,-307674877.175248
188,B-2,0.41871921182266014,0.41871921182266014,-2512.3152709361166,14826.777785275659,-17339.093056211776
188,B-3,0.41871921182266014,0.41871921182266014,-2512.3152709361166,307672364.85997707,-307674877.175248
189,B-2,0.41871921182266014,0.41871921182266014,-2512.3152709361166,14826.777785275659,-17339.093056211776
189,B-3,0.41871921182266014,0.41871921182266014,-2512.3152709361166,307672364.85997707,-307674877.175248
190,B-2,0.41871921182266014,0.41871921182266014,-2512.3152709361166,14826.777785275659,-17339.093056211776
190,B-3,0.41871921182266014,0.41871921182266014,-2512.3152709361166,307672364.85997707,-307674877.175248
191,B-2,0.41871921182266014,0.41871921182266014,-2512.3152709361166,14826.777785275659,-17339.093056211776
191,B-3,0.41871921182266014,0.41871921182266014,-2512.3152709361166,307672364.85997707,-307674877.175248
192,B-2,0.41871921182266014,0.41871921182266014,-2512.3152709361166,14826.777785275659,-17339.093056211776
192,B-3,0.41871921182266014,0.41871921182266014,-2512.3152709361166,307672364.85997707,-307674877.175248
193,B-2,0.41871921182266014,0.41871921182266014,-2512.3152709361166,14826.777785275659,-17339.093056211776
193,B-3,0.41871921182266014,0.41871921182266014,-2512.3152709361166,307672364.85997707,-307674877.175248
194,B-2,0.41871921182266014,0.41871921182266014,-2512.3152709361166,14826.777785275659,-17339.093056211776
194,B-3,0.41871921182266014,0.41871921182266014,-2512.3152709361166,307672364.85997707,-307674877.175248
195,B-2,0.41871921182266014,0.41871921182266014,-2512.3152709361166,14826.777785275659,-17339.093056211776
195,B-3,0.41871921182266014,0.41871921182266014,-2512.3152709361166,307672364.85997707,-307674877.175248
